SUPPLIERSID,SUPPLIERN,SUPPLIER_EMAIL,SUPPLIER_NUM,PRODUCTID,CATEGORYID,VAR_OPTIONID
381214,Zoomzone,tcroson0@bloglines.com,9517562757,12560,1122,29534
707607,Youspan,wmalley1@yellowpages.com,9198574740,93390,1122,62147
647002,Blogtag,mmatthewson2@fc2.com,2383729931,58469,1122,89609
593963,Meevee,pscibsey3@mail.ru,5069552055,94066,1122,23090
356784,Dazzlesphere,jgulland4@nih.gov,6193941273,46466,1122,15684
291396,Gabspot,cridgley5@dailymail.co.uk,9259087215,77728,1122,16449
642062,Topicstorm,fkorbmaker6@qq.com,7289015279,23999,1122,94188
267403,Skyble,bkingman7@liveinternet.ru,2138349477,24347,1122,67998
465932,Meezzy,aelleyne8@acquirethisname.com,2092530387,51634,1122,99086
742341,Roombo,rroderham9@walmart.com,3287697502,47236,1122,44785
632260,Zoombox,bbastistinia@chron.com,4182494799,40655,1122,78918
745678,Meemm,emallaboneb@spotify.com,4645191332,31191,1122,55640
831536,Cogilith,vdearesc@youtube.com,4878131243,59173,1122,37068
323464,Blogspan,rbered@goodreads.com,8604254933,83350,1122,93869
624264,Dabshots,jainsworthe@telegraph.co.uk,6773092337,24483,1122,88338
599121,Viva,fmarcuf@sakura.ne.jp,9302684406,34120,1122,68731
736567,Rhybox,sanlayg@hhs.gov,6673832985,68563,1122,70961
362469,Yodel,fgiacoboh@plala.or.jp,9351039890,86977,1122,42749
545203,Ntag,rrudolphi@examiner.com,2637391464,48679,1122,29534
481708,Yodoo,rkemetj@europa.eu,3048173122,68993,1122,62147
920545,Edgeclub,wblaguek@is.gd,2546081327,54649,1122,89609
710714,Tambee,rtaplinl@t-online.de,1796435476,52864,1122,23090
774170,Dabshots,rwybernm@networkadvertising.org,4991538436,55902,1122,15684
400026,Divanoodle,brucklidgen@icq.com,5659795852,69053,1122,16449
783466,Twitterlist,brahlofo@blogspot.com,7908200838,74989,1122,94188
737475,InnoZ,lsodeaup@angelfire.com,6287590530,12291,1122,67998
612017,Chatterbridge,jhamq@live.com,8343575251,57021,1122,99086
237391,Zoombeat,brusbridger@chron.com,2237645263,24321,1122,44785
980648,Skinder,ggormans@e-recht24.de,9376933984,81131,1122,78918
410113,Quimm,mrignoldt@behance.net,7202387707,46203,1122,55640
805317,Buzzdog,rgosseu@lycos.com,1573259983,33325,1122,37068
606707,Zoozzy,kragdalev@cisco.com,7776311432,44944,1122,93869
745016,Voomm,mlindholmw@addtoany.com,3971324674,74543,1122,88338
723778,Kwinu,levangelinosx@globo.com,6304473064,72509,1122,68731
966995,Avamm,tpleyy@omniture.com,8094940322,35691,1122,70961
621408,Brainbox,rscutterz@feedburner.com,2813296324,58290,1122,42749
879761,Gabtype,ccamus10@aboutads.info,4034230405,12795,1122,29534
397687,Avamm,lpea11@seesaa.net,4456172716,12560,1122,62147
280281,Thoughtworks,rleven12@netscape.com,1922285739,93390,1122,89609
405504,Zooveo,jtresise13@youku.com,5472512992,58469,1122,23090
464235,Yamia,emaciak14@shutterfly.com,7981292177,94066,1122,15684
976480,Babblestorm,ehargrave15@last.fm,5606578841,46466,1122,16449
798269,Eabox,cheinlein16@timesonline.co.uk,9245393683,77728,1122,94188
522141,Kwinu,lmowling17@pagesperso-orange.fr,5117155063,23999,1122,67998
426436,Camimbo,pwaring18@prlog.org,8359514371,24347,1122,99086
686020,Feedfish,mjobling19@umn.edu,7127522418,51634,1122,44785
387001,Bubbletube,qdorning1a@vistaprint.com,1164525628,47236,1122,78918
404264,Oyondu,vbrunsen1b@apple.com,1936552596,40655,1122,55640
439253,Youbridge,bharmar1c@webnode.com,5871969803,31191,1122,37068
966392,Devcast,rsaiger1d@newsvine.com,9314654139,59173,1122,93869
725419,Kwinu,ldelorenzo1e@tumblr.com,1568917785,83350,1122,88338
337938,Meedoo,thatchette1f@prweb.com,8637526752,24483,1122,68731
372553,Demivee,gcoolbear1g@freewebs.com,1295841640,34120,1122,70961
619733,Midel,qgomby1h@github.io,9916850709,68563,1122,42749
402738,Browsetype,ddennidge1i@angelfire.com,8261889563,86977,1122,29534
962468,Mudo,ibarbier1j@loc.gov,8025839989,48679,1122,62147
397856,Jaxnation,jberzins1k@omniture.com,4199131024,68993,1122,89609
591532,Zoomcast,dyeoland1l@auda.org.au,1096867895,54649,1122,23090
473158,Realcube,sgumey1m@tripod.com,5575202133,52864,1122,15684
280836,Yombu,msyred1n@google.com.br,8498350126,55902,1122,16449
691380,Leexo,ttieman1o@vinaora.com,6462263317,69053,1122,94188
505897,Voonyx,vclayhill1p@aol.com,5866286505,74989,1122,67998
744475,Photofeed,cwilloughby1q@netlog.com,9736116236,12291,1122,99086
564760,Browsecat,jbamb1r@nbcnews.com,6049239748,57021,1122,44785
934295,Abatz,nopfer1s@phpbb.com,3768005538,24321,1122,78918
236208,Meemm,tdauncey1t@utexas.edu,3949788734,81131,1122,55640
347433,Babbleset,malves1u@networksolutions.com,3109191722,46203,1122,37068
239389,Yozio,khabberjam1v@hatena.ne.jp,9101429652,33325,1122,93869
564554,Feedfish,jboolsen1w@4shared.com,7667739000,44944,1122,88338
480823,Innojam,mdulen1x@feedburner.com,1444259377,74543,1122,68731
916071,Chatterbridge,mkennelly1y@globo.com,3735666179,72509,1122,70961
679782,Realpoint,csilwood1z@jigsy.com,7655883378,35691,1122,42749
865455,Kazio,tbunn20@google.nl,2421823066,58290,1122,29534
641286,Omba,gwagon21@slashdot.org,2746662076,12795,1122,62147
295905,Wordtune,ebegin22@freewebs.com,3961513369,53302,1133,89609
709507,Topiczoom,grozier23@wisc.edu,5514114634,79819,1133,23090
858560,Nlounge,ttooke24@whitehouse.gov,9978197028,67032,1133,15684
371504,Mydo,lantonognoli25@gov.uk,5087948530,18016,1133,16449
377118,Yata,hmasse26@craigslist.org,1262759349,98078,1133,94188
473018,Topicshots,gwarsop27@youku.com,8417277141,34926,1133,67998
813592,Tagfeed,mpendry28@yellowpages.com,3904874482,48086,1133,99086
350751,Skivee,wmansbridge29@webeden.co.uk,8987782107,54798,1133,44785
227753,Yadel,kduffin2a@weebly.com,3611505790,19128,1133,78918
853508,Topicstorm,wboulding2b@chicagotribune.com,7627015365,46437,1133,55640
511368,Nlounge,blyon2c@archive.org,1247959238,32092,1133,37068
809717,BlogXS,sbasant2d@guardian.co.uk,6532727218,87903,1133,93869
830003,Trupe,gdunthorn2e@ucla.edu,3253555692,99193,1133,88338
784517,Skinte,emaghull2f@xinhuanet.com,2383437224,26036,1133,68731
562541,Centidel,elearmount2g@vinaora.com,1079333990,22849,1133,70961
502667,Gabtune,nmachon2h@go.com,3612821899,35353,1133,42749
565574,Youbridge,sduncan2i@nymag.com,4904599352,15607,1133,29534
571111,Youspan,bchapling2j@amazonaws.com,3502430215,77166,1133,62147
946469,Eidel,agiraths2k@businesswire.com,8042530768,38992,1133,89609
617636,Rhyzio,shalstead2l@google.it,6712575033,88656,1133,23090
790618,Photolist,wmacduff2m@webs.com,4633350937,53615,1133,15684
584780,Omba,jkennet2n@pagesperso-orange.fr,3034617297,11280,1133,16449
946236,Agimba,tbatten2o@t-online.de,2968047793,35451,1133,94188
349887,Lazzy,ekeely2p@cam.ac.uk,3475547246,65531,1133,67998
699757,Izio,mtegeller2q@oaic.gov.au,4857897620,64730,1133,99086
474773,Skimia,anotley2r@senate.gov,3102799017,21909,1133,44785
884096,LiveZ,gmowen2s@php.net,1535223501,97402,1133,78918
751958,Jaxbean,sbeaver2t@bravesites.com,6186695829,72348,1133,55640
362737,Jaxspan,fcreek2u@house.gov,3496190160,95295,1133,37068
630733,Yacero,khaine2v@about.me,2543663443,44679,1133,93869
568651,Quinu,hpetrashov2w@dailymail.co.uk,9355853410,67293,1133,88338
381750,Quimm,iarmitage2x@ask.com,1709020531,15304,1133,68731
987167,Eidel,lpoytres2y@typepad.com,6871771192,53302,1133,70961
964824,Skyvu,alloyd2z@bandcamp.com,5765427852,79819,1133,42749
840686,Topicblab,rbilles30@theguardian.com,1327125434,67032,1133,29534
489778,Feedfish,radamo31@cloudflare.com,3433500850,18016,1133,62147
574377,Twitterwire,aerswell32@1688.com,6512419721,98078,1133,89609
248113,Yambee,tmaccoughan33@google.pl,7899890924,34926,1133,23090
413612,Skinte,nblann34@wordpress.org,5174477298,48086,1133,15684
620995,Thoughtmix,lmacneilly35@de.vu,9945444581,54798,1133,16449
990131,Ainyx,gstoite36@pinterest.com,3971413150,19128,1133,94188
656507,Dabvine,mbarkworth37@noaa.gov,5685509199,46437,1133,67998
318618,Eare,lwiddocks38@thetimes.co.uk,3672975726,32092,1133,99086
514475,Quatz,kdevanny39@sun.com,2119861636,87903,1133,44785
690957,Blognation,dyeowell3a@nytimes.com,1861640172,99193,1133,78918
709396,Flipbug,celse3b@tumblr.com,9831260466,26036,1133,55640
358725,Pixoboo,gcaldes3c@aol.com,9773652057,22849,1133,37068
315805,Teklist,mblaxland3d@wikia.com,9791093087,35353,1133,93869
849718,Vitz,jmollindinia3e@ycombinator.com,4374723314,15607,1133,88338
308764,Jaloo,wkirkman3f@ucsd.edu,8081023860,77166,1133,68731
273375,Zooxo,emerrigans3g@bluehost.com,7763462190,38992,1133,70961
334048,Twitterworks,gwabersinke3h@indiatimes.com,4752342565,88656,1133,42749
424793,Kanoodle,stinner3i@etsy.com,7397567410,53615,1133,29534
518239,Edgewire,bbichard3j@businesswire.com,7647494184,11280,1133,62147
239634,Vipe,jbrosini3k@icio.us,4475729507,35451,1133,89609
908954,Skaboo,waitken3l@phpbb.com,4636940437,65531,1133,23090
481187,Vidoo,snevinson3m@samsung.com,5554072181,64730,1133,15684
230726,Tazzy,ekleinhaut3n@globo.com,8044168440,21909,1133,16449
599261,Skivee,efussell3o@domainmarket.com,5237648027,97402,1133,94188
276764,Jetwire,ljesty3p@fema.gov,2395114669,72348,1133,67998
830435,Tagopia,jlording3q@about.me,1176775247,95295,1133,99086
567906,Shufflester,bbilbrook3r@blog.com,9423852672,44679,1133,44785
612612,Jabbercube,hpendell3s@about.com,2912038824,67293,1133,78918
591236,Aimbu,fbengall3t@de.vu,7378344679,15304,1133,55640
791415,Fiveclub,hbrameld3u@xinhuanet.com,4674397751,58624,1144,37068
996818,Leexo,dmerington3v@discovery.com,9165443564,14079,1144,93869
715730,Avamba,egulvin3w@123-reg.co.uk,2745206078,58962,1144,88338
869654,Blognation,asherrum3x@wix.com,7518565428,91630,1144,68731
388992,Yacero,kyapp3y@icio.us,8922443331,43218,1144,70961
307091,Jamia,rhubball3z@vk.com,8723839066,83951,1144,42749
887325,Snaptags,ebougen40@typepad.com,7626227417,80649,1144,29534
863048,Jetpulse,yvannuchi41@furl.net,7103368807,32668,1144,62147
593656,Thoughtsphere,egledhall42@hhs.gov,9519071846,90083,1144,89609
646113,Buzzshare,knoto43@prnewswire.com,9286972736,87438,2255,95856
252743,Blogpad,mbumby44@cbsnews.com,6925216539,33682,2255,9766
539125,Topdrive,lwanklin45@berkeley.edu,9596585729,59820,2255,13509
794168,Fatz,hcromleholme46@google.com.br,2237297000,77948,2255,35421
659656,Aimbo,nchadderton47@yandex.ru,7549274340,61379,2255,73967
385088,Vimbo,roliveti48@umn.edu,1344059409,73086,2255,76304
232790,Realbuzz,dbrahm49@studiopress.com,9574713123,16791,2255,25981
548310,Flipopia,cgeorghiou4a@latimes.com,9231873916,72739,2255,95233
734710,Babbleset,vbastistini4b@slate.com,1296904457,58041,2255,31912
391906,Jabbercube,swhipp4c@booking.com,5451097596,55155,2255,67022
232381,Layo,abendle4d@photobucket.com,2621367594,81371,2255,74213
545442,Aimbo,ehallt4e@nature.com,7079188002,46311,2255,9422
769404,Gabvine,khindmoor4f@pinterest.com,8067597352,53235,2255,15835
585431,Brainverse,hhearty4g@e-recht24.de,4764152459,18119,2255,17685
590995,Browsecat,rlofts4h@mashable.com,6231164400,29596,2255,51159
518534,Geba,lwhorf4i@google.ru,2353493954,36800,2255,39647
292313,Quinu,vcamis4j@columbia.edu,7349295359,22821,2255,61185
689282,Fivechat,cmebius4k@cmu.edu,1841927778,81530,2255,55426
777044,Skimia,koxborrow4l@gmpg.org,7298988289,66066,2255,95856
833229,Rhynoodle,bfass4m@alexa.com,6423223494,35087,2255,9766
366756,Zoonoodle,dballam4n@cisco.com,9316461978,88068,2255,13509
989740,Snaptags,mgledhall4o@youku.com,9857077682,15898,2255,35421
928560,Yombu,mtreher4p@wsj.com,9972670532,98816,2255,73967
375173,Zava,mvarnam4q@google.com.br,4501107017,58284,2255,76304
994992,Livepath,tklehn4r@yandex.ru,6125181036,94542,2255,25981
425428,Browseblab,tbowart4s@princeton.edu,8324250053,61447,2255,95233
409054,Photolist,jpolglase4t@marketwatch.com,2727644485,38176,2255,31912
853107,Zoombox,cbassam4u@squidoo.com,3687442698,42217,2255,67022
238821,Plambee,edevoy4v@last.fm,5652313267,21572,2255,74213
378869,Rhycero,dmalkinson4w@europa.eu,5246941075,40293,2255,9422
383471,Eabox,cbyass4x@amazon.co.uk,1616595284,35131,2255,15835
796325,Zoomdog,zevitts4y@aboutads.info,4432963161,32296,2255,17685
619116,Leexo,ehowbrook4z@soup.io,7105662037,13847,2255,51159
554869,Katz,gbeiderbeck50@google.de,9283288255,74513,2255,39647
991260,Dabfeed,rstrettle51@bloglines.com,4999840705,61237,2255,61185
981062,Katz,csimla52@dot.gov,8462050501,25145,3366,55426
625164,Shufflebeat,tmcnicol53@ftc.gov,9691743287,24412,3366,95856
907489,Rhybox,cdowns54@princeton.edu,2859656390,18539,3366,9766
465722,Plambee,gpettifer55@virginia.edu,5492512570,98745,3366,13509
969107,Gabtype,qmuir56@flavors.me,3451432029,43555,3366,35421
279178,Babbleopia,slovatt57@yellowbook.com,9331466977,35973,3366,73967
546883,Brainverse,amcmurraya58@goo.ne.jp,7728830758,36915,3366,76304
782576,Browsecat,cmathie59@goodreads.com,4937723434,55078,3366,25981
389634,LiveZ,tdupoy5a@fotki.com,5712657448,45207,3366,95233
998988,Wikivu,echallen5b@yahoo.co.jp,9678797199,74185,3366,31912
769376,Flashset,rlewty5c@telegraph.co.uk,1104422346,28464,3366,67022
454925,Einti,mskryne5d@eventbrite.com,9876694314,24903,3366,74213
969504,Blogspan,hcowmeadow5e@bloglovin.com,3838169504,90605,3366,9422
535463,Wordtune,lurwin5f@blogspot.com,7412599048,80405,3366,15835
507381,Babbleblab,wcordet5g@spotify.com,1338445755,13553,3366,17685
557418,Voonyx,sclavering5h@ycombinator.com,9441125254,46857,3366,51159
375055,Fiveclub,ochrister5i@seattletimes.com,7177918826,82360,3366,39647
553952,DabZ,tgerman5j@cargocollective.com,1638641536,67838,3366,61185
762216,Tagfeed,ewasmer0@theglobeandmail.com,1086029055,93951,3366,55426
946605,Bluezoom,yverrillo1@gov.uk,1749476822,70603,3366,95856
649062,Kwideo,wsneden2@exblog.jp,9795839965,39067,3366,9766
777779,Edgeblab,tjohnsee3@ezinearticles.com,1994648011,81410,3366,13509
881275,Blognation,ddoggett4@ucoz.ru,3532349919,34204,3366,35421
551349,Dabtype,jlesor5@constantcontact.com,8458070366,33882,3366,73967
823747,Twinder,dtoderini6@mapy.cz,7187297679,11430,3366,76304
889597,Fliptune,gmcgeachie7@berkeley.edu,1443447075,70913,3366,25981
675553,Minyx,cstubbes8@baidu.com,7996126270,37379,3366,95233
501988,Trupe,edemke9@pen.io,3804914389,94181,3366,31912
949804,Zoomdog,dchaperlina@cnn.com,5893540232,95291,3366,67022
476419,Mydo,mchampneysb@ftc.gov,5226723729,34289,3366,74213
403496,Dabfeed,hcrutcherc@accuweather.com,1682277330,25846,3366,9422
582757,Flipbug,lhabrond@shareasale.com,9553007597,38620,3366,15835
722216,Browsebug,lfennere@oracle.com,2201283233,47059,3366,17685
784881,Skimia,epowerf@ustream.tv,8617655479,25145,3366,51159
363530,Viva,smerrisong@answers.com,4362637360,24412,3366,39647
887425,Voomm,fhuntallh@huffingtonpost.com,7429676664,18539,3366,61185
724232,Meevee,blelliotti@hao123.com,2435683234,98745,3366,55426
339283,Devbug,mmiddlemissj@merriam-webster.com,1003383121,43555,3366,95856
286363,Thoughtmix,alambertinik@bizjournals.com,2771811164,35973,3366,9766
403574,Cogilith,pvermal@ovh.net,1896602766,36915,3366,13509
997913,Brainsphere,clogesdalem@xinhuanet.com,6724066051,55078,3366,35421
998383,Wordware,mmeiklemn@blogspot.com,9221464505,45207,3366,73967
571986,Skiptube,bbiltono@themeforest.net,1998733912,74185,3366,76304
501327,Zazio,jfoxallp@dot.gov,2437041432,28464,3366,25981
611963,Oyoba,lrevillq@wikimedia.org,2564552762,24903,3366,95233
692045,Trudeo,dhartzenbergr@usa.gov,2973631909,90605,3366,31912
800660,Pixonyx,aleahys@illinois.edu,3982917527,80405,3366,67022
434904,Tagchat,csetcht@wisc.edu,8093294815,13553,3366,74213
233458,Realfire,wlegliseu@indiatimes.com,3323269080,46857,3366,9422
520565,Linktype,bkinchv@phpbb.com,5745800614,82360,3366,15835
786197,Realblab,lveryanw@google.de,8485299268,67838,3366,17685
500976,Realblab,jschlagx@engadget.com,5355268687,93951,3366,51159
495033,Topicware,tpoundsfordy@canalblog.com,8022631435,70603,3366,39647
279734,Omba,hsteinhamz@about.me,6723367491,39067,3366,61185
628161,Flipopia,tdelieu10@multiply.com,2037595050,81410,3366,55426
979637,Meetz,msapson11@live.com,6151086899,34204,3366,95856
773077,Skajo,fdanev12@rediff.com,9561238034,33882,3366,9766
823206,Brainbox,amcnicol13@yolasite.com,2828830366,11430,3366,13509
571199,Zooxo,dlloydwilliams14@unc.edu,6642847521,70913,3366,35421
377758,Linkbridge,rorrell15@a8.net,2632590206,37379,3366,73967
228835,Realbuzz,jburmaster16@shutterfly.com,4094406185,94181,3366,76304
775808,Devbug,jcheves17@wikipedia.org,2816701963,95291,3366,25981
982739,Linkbridge,kholleran18@slashdot.org,2283651114,34289,3366,95233
740557,Yoveo,isooley19@intel.com,2112044000,25846,3366,31912
962521,Brainbox,rallicock1a@sciencedirect.com,3795342935,38620,3366,67022
501862,Twinte,dkleinstub1b@seesaa.net,4148641035,47059,3366,74213
447249,Wikivu,gwilsdon1c@archive.org,1722944821,79001,5588,9422
782633,Oyoyo,mduddin1d@amazonaws.com,8403541232,58906,5588,15835
462882,Jatri,pmaplethorpe1e@1und1.de,2737064551,56936,5588,17685
469964,Realfire,csloegrave1f@plala.or.jp,5937918662,76837,5588,51159
855766,Jaxspan,mjouaneton1g@soundcloud.com,4278987591,79001,5588,39647
681510,Dabtype,zstaines1h@toplist.cz,9117942294,58906,5588,61185
900830,Jayo,ejeckells1i@hexun.com,7172253121,56936,5588,55426
799038,Teklist,pkeeting1j@nbcnews.com,7278830420,76837,5588,95856
816737,Oyonder,ahearson1k@simplemachines.org,6032027731,79001,5588,9766
575000,Tagchat,lisaq1l@wordpress.org,2503749980,58906,5588,13509
227690,Mynte,acassella1m@cdc.gov,4026524468,56936,5588,35421
438846,Einti,dmatschuk1n@digg.com,8867311843,76837,5588,73967
917812,Tagtune,rgrinnikov1o@mayoclinic.com,4241617129,79001,5588,76304
987099,Jayo,alewton1p@omniture.com,1555938422,58906,5588,25981
923249,Browsezoom,hsadlier1q@buzzfeed.com,3876380075,56936,5588,95233
652635,Lajo,ejorger1r@friendfeed.com,2839534352,76837,5588,31912
354152,Roodel,jpainten1s@theguardian.com,1485066333,87438,2255,67022
551932,Zoonoodle,candreacci1t@indiegogo.com,7552232307,33682,2255,74213
728295,Eare,delener1u@comsenz.com,3122766916,59820,2255,9422
937833,Dabshots,cundy1v@msn.com,2965941873,77948,2255,15835
740362,Blogspan,crudgard1w@usnews.com,4223242558,61379,2255,17685
460891,Einti,efearnehough1x@bravesites.com,5641176385,73086,2255,51159
380833,Roodel,fcerro1y@privacy.gov.au,5134785750,16791,2255,39647
748746,Bubblemix,bmurton1z@archive.org,5323840004,72739,2255,61185
935204,Mudo,csalterne20@seattletimes.com,6248501452,58041,2255,55426
287568,Avaveo,lguillou21@tamu.edu,2691366766,55155,2255,95856
675720,Oyoloo,jfullun22@xing.com,5027301711,81371,2255,9766
415020,Jaxbean,nschimaschke23@theglobeandmail.com,1722764863,46311,2255,13509
637642,Geba,dberndtsson24@mail.ru,2403588698,53235,2255,35421
532010,Tagtune,njollie25@google.it,1072041333,18119,2255,73967
331876,Leenti,wrigney26@oaic.gov.au,1501153037,29596,2255,76304
534135,Tagopia,dwayman27@imdb.com,1401362951,36800,2255,25981
228800,Jabbersphere,bfarfolomeev28@storify.com,2243334176,22821,2255,95233
719690,Eire,ktupman29@mapy.cz,4293176462,81530,2255,31912
279088,BlogXS,bcristofaro2a@bizjournals.com,1377342557,66066,2255,67022
910242,Thoughtblab,cmoorey2b@symantec.com,5557661660,35087,2255,74213
665429,Brightbean,gmatthisson2c@phoca.cz,1304890032,88068,2255,9422
901314,Dazzlesphere,dskone2d@furl.net,2386353760,15898,2255,15835
538168,DabZ,rsimenon2e@berkeley.edu,7361448962,98816,2255,17685
975123,Kanoodle,wclemente2f@google.co.jp,3605303756,58284,2255,51159
768054,Quaxo,mganley2g@feedburner.com,2318928862,94542,2255,39647
719801,Ooba,ctootell2h@weather.com,8576390470,61447,2255,61185
310297,Mydo,pkapelhof2i@go.com,1953413071,38176,2255,55426
909319,Kwideo,cmiliffe2j@eventbrite.com,3395646920,42217,2255,95856
450957,Abatz,pmatus2k@mac.com,2775901602,21572,2255,9766
919784,Yodo,hmcalarney2l@auda.org.au,8636050954,40293,2255,13509
872916,Yambee,csheivels2m@mapy.cz,2725106111,35131,2255,35421
235234,Browsezoom,mmessent2n@virginia.edu,1227989600,32296,2255,73967
618445,Eare,aviveash2o@oracle.com,1472688471,13847,2255,76304
711227,Yabox,tortega2p@usgs.gov,1549581539,74513,2255,25981
670604,Wikido,mendrici2q@gnu.org,6371563073,61237,2255,95233
826835,Dynazzy,barends2r@google.co.uk,5496035718,58624,1144,29534
326923,Realbridge,mbraunle2s@reverbnation.com,3024198766,14079,1144,62147
513435,Eazzy,eroast2t@smh.com.au,2804946506,58962,1144,89609
951491,Oyoloo,foven2u@vimeo.com,9138302894,91630,1144,23090
584548,Youbridge,jwanjek2v@oracle.com,5964552732,43218,1144,15684
663055,Gabtune,kramelot2w@abc.net.au,2296761906,83951,1144,16449
471038,Mydeo,gdryden2x@scientificamerican.com,7295107204,80649,1144,94188
783282,Flashspan,alowdyane2y@dyndns.org,4143776759,32668,1144,67998
307032,Riffpath,mrappoport2z@java.com,5596654064,90083,1144,99086
296705,Vimbo,dsummerbell30@squidoo.com,3827677674,12560,1122,44785
248571,Mybuzz,wleebetter31@ucoz.com,3038770419,93390,1122,78918
634175,Quimba,wloins32@is.gd,4222838464,58469,1122,55640
949141,Livepath,sgethin33@independent.co.uk,8973145352,94066,1122,37068
739951,Quatz,abozworth34@usa.gov,6365577121,46466,1122,93869
438901,Yabox,mbenallack35@booking.com,4047370355,77728,1122,88338
534471,Vitz,ifeighry36@discovery.com,3841503859,23999,1122,68731
290956,Vipe,preddy37@webnode.com,7915125026,24347,1122,70961
526593,Browsetype,mcano38@elegantthemes.com,2808826112,51634,1122,42749
448704,Youspan,mcessford39@a8.net,8482137654,47236,1122,29534
737609,Camido,abarnish3a@indiatimes.com,8878226115,40655,1122,62147
611897,Riffpath,saspray3b@ow.ly,6458273487,31191,1122,89609
518744,Twitterbridge,elemmanbie3c@ustream.tv,5209813466,59173,1122,23090
909088,Browsecat,vbreinl3d@tinypic.com,5661084348,83350,1122,15684
553778,Mycat,lhodgets3e@reverbnation.com,3116208150,24483,1122,16449
817178,Roodel,dbosson3f@columbia.edu,2855878674,34120,1122,94188
931394,Jatri,sburgise3g@weibo.com,1674332009,68563,1122,67998
486981,Yodel,gchasen3h@reverbnation.com,7854935562,86977,1122,99086
259465,Bubbletube,jcarek3i@ebay.co.uk,9448878129,48679,1122,44785
712431,Topicstorm,aprobbings3j@theglobeandmail.com,4656699311,68993,1122,78918
379574,Photolist,mblackwood3k@devhub.com,6644313914,54649,1122,55640
791372,Tagtune,rleeburn3l@xing.com,3446212548,52864,1122,37068
734382,Vitz,sscoble3m@samsung.com,6844157326,55902,1122,93869
759342,Youspan,jmantrup3n@addtoany.com,2936411456,69053,1122,88338
528852,Kimia,ybiscomb3o@jigsy.com,6811452458,74989,1122,68731
860838,Rhynyx,knote3p@ucoz.com,6826610336,12291,1122,70961
577907,Trudoo,lgrima3q@pcworld.com,6834743733,57021,1122,42749
501873,Oozz,hisaac3r@technorati.com,3584104703,24321,1122,29534
387259,Devcast,njamrowicz3s@homestead.com,3414554211,81131,1122,62147
805642,Livefish,avasiltsov3t@cbslocal.com,3696862754,46203,1122,89609
926284,Kamba,dbointon3u@state.tx.us,9895978197,33325,1122,23090
424347,Divape,jsnalom3v@webmd.com,1724356737,44944,1122,15684
511239,Kaymbo,mraffan3w@alexa.com,3938335634,74543,1122,16449
397389,Avaveo,rsmuth3x@hostgator.com,4368356626,72509,1122,94188
381390,Brightdog,ephripp3y@fda.gov,4335995347,35691,1122,67998
958344,Yamia,cwhittick3z@live.com,6994597524,58290,1122,99086
543135,Trilia,rlyne40@whitehouse.gov,7734940440,12795,1122,44785
468995,Avamm,mbogges41@github.com,3967155159,53302,1133,78918
478045,Photolist,hgreasty42@weibo.com,5996703551,79819,1133,55640
927505,BlogXS,sbleby43@squarespace.com,3977501349,67032,1133,37068
415307,Roomm,bseine44@yolasite.com,1978189934,18016,1133,93869
834998,Yadel,mbowler45@godaddy.com,3042358965,98078,1133,88338
926664,Yombu,mkearney46@drupal.org,4883597716,34926,1133,68731
712875,Zooxo,ckahane47@latimes.com,4064571927,48086,1133,70961
275084,Kare,jmonument48@nbcnews.com,1148376813,54798,1133,42749
496223,Skyvu,cdonizeau49@scientificamerican.com,9924808580,19128,1133,29534
590759,Wordware,spersian4a@sfgate.com,3211414385,46437,1133,62147
276279,Jaxspan,bknok4b@indiegogo.com,1413221099,32092,1133,89609
700455,Pixonyx,careles4c@privacy.gov.au,5083975125,87903,1133,23090
287320,Realbridge,kscanderet4d@google.it,4456747394,99193,1133,15684
590219,Aibox,nbulgen4e@psu.edu,5661367140,26036,1133,16449
939410,Mymm,apyke4f@adobe.com,8613918886,22849,1133,94188
996516,Yambee,imulkerrins4g@nbcnews.com,8961754891,35353,1133,67998
917957,Jabberbean,bcoales4h@github.io,8919843438,15607,1133,99086
289187,Yombu,dstory4i@jiathis.com,3036576707,77166,1133,44785
857682,Fiveclub,afotitt4j@abc.net.au,2335773479,38992,1133,78918
901999,Voomm,btye4k@utexas.edu,4057956248,88656,1133,55640
384791,Babbleopia,bdumphrey4l@rediff.com,5265206198,53615,1133,37068
497115,Yata,rupfold4m@marriott.com,7176146058,11280,1133,93869
317719,Oyonder,kstarcks4n@wunderground.com,9677719286,35451,1133,88338
857850,Jabberstorm,eaujouanet4o@kickstarter.com,1831487460,65531,1133,68731
265266,Gigazoom,sguerrier4p@virginia.edu,9365995274,64730,1133,70961
515710,Devcast,sbriztman4q@webnode.com,8728647929,21909,1133,42749
634894,Fivechat,dhathaway4r@howstuffworks.com,9772676779,97402,1133,29534
632785,Jaxworks,rmcgenis4s@ox.ac.uk,2856638948,72348,1133,62147
464694,Meedoo,ndolligon4t@nature.com,6764208659,95295,1133,89609
772670,Zoomcast,gflye4u@twitter.com,9754835972,44679,1133,23090
228305,Divavu,ggridon4v@reddit.com,5392168844,67293,1133,15684
301605,Aimbu,dstuddert4w@google.com.au,1722494730,15304,1133,16449
996292,Twitterlist,jcesaric4x@washington.edu,6099739902,12560,1122,94188
734840,Gabvine,aanfosso4y@tinypic.com,9273399898,93390,1122,67998
505101,Twimbo,jkearton4z@globo.com,7872120676,58469,1122,99086
813534,Riffpath,ftettersell50@answers.com,6777572708,94066,1122,44785
658916,Divape,lreskelly51@pinterest.com,9141923599,46466,1122,78918
286024,Oyoloo,lcolchett52@umn.edu,7661896555,77728,1122,55640
642026,Fliptune,cmicah53@sina.com.cn,3703048330,23999,1122,37068
743164,Tagchat,ccanadas54@xinhuanet.com,6446544644,24347,1122,93869
676223,Gabtype,kcarle55@wix.com,8465184654,51634,1122,88338
461996,Realbridge,gjeannaud56@geocities.com,9034251460,47236,1122,68731
932795,Kanoodle,egreschik57@icio.us,9745936951,40655,1122,70961
718201,Meevee,ffrankis58@jugem.jp,2851810436,31191,1122,42749
789933,Livetube,gbenedetti59@buzzfeed.com,4307415436,59173,1122,29534
591505,Skyndu,ldeehan5a@acquirethisname.com,5451741382,83350,1122,62147
538541,Meetz,abalazs5b@elpais.com,4203174275,24483,1122,89609
410235,Edgeclub,msyalvester5c@buzzfeed.com,8823498978,34120,1122,23090
860787,Eadel,avernazza5d@meetup.com,5072959954,68563,1122,15684
663202,Voonix,elarcher5e@vimeo.com,1742552258,86977,1122,16449
584366,Thoughtbridge,ewherton5f@livejournal.com,3145049362,48679,1122,94188
639811,Wikizz,dsalerno5g@nhs.uk,7466068171,68993,1122,67998
676999,Skinte,cbussen5h@mapy.cz,6425167047,54649,1122,99086
463718,Tavu,mwallsworth5i@symantec.com,7747585096,52864,1122,44785
311243,Vipe,jwetherhead5j@springer.com,8676882080,55902,1122,78918
434643,Gigashots,bfeldbaum5k@printfriendly.com,2677222181,69053,1122,55640
551568,Twitterbeat,lmacgarvey5l@lulu.com,4678082265,74989,1122,37068
632696,Skinder,bstangoe5m@etsy.com,1575384508,12291,1122,93869
617411,Photobug,cbrimmacombe5n@rediff.com,3046947329,57021,1122,88338
917298,Edgeblab,kbalog5o@irs.gov,4103500053,24321,1122,68731
782832,Eidel,ldorow5p@mysql.com,5172783153,81131,1122,70961
944183,InnoZ,roakton5q@examiner.com,1622226125,46203,1122,42749
679160,Jaxnation,opeltzer5r@state.tx.us,9934014208,33325,1122,29534
911886,Mynte,hgribble5s@digg.com,1669708653,44944,1122,62147
807880,Meembee,ezealy5t@deviantart.com,4209264933,74543,1122,89609
771920,Quimm,bmcaloren5u@gmpg.org,1169353653,72509,1122,23090
874775,Tagchat,jclucas5v@aol.com,6923922436,35691,1122,15684
447175,Meejo,mhawkswell5w@google.com.au,2519129770,58290,1122,16449
946955,Avamm,nnoblett5x@homestead.com,6536732138,12795,1122,94188
994877,Fiveclub,fchessman5y@photobucket.com,3983229441,53302,1133,67998
446419,Quimm,fmaffey5z@livejournal.com,9504273479,79819,1133,99086
301046,Oyoloo,cpaullin60@1und1.de,1362418597,67032,1133,44785
862551,Photojam,lkeble61@msn.com,7517484689,18016,1133,78918
593679,Leenti,sogormally62@prweb.com,2786288549,98078,1133,55640
257240,Ainyx,jobeirne63@freewebs.com,6042898922,34926,1133,37068
622384,Zoovu,grupp64@skyrock.com,1876031702,48086,1133,93869
943778,Ooba,bmabbitt65@youtu.be,9782021313,54798,1133,88338
631356,Fivechat,mbussell66@hibu.com,3495307052,19128,1133,68731
666363,Edgepulse,nkeepence67@mozilla.com,6714601244,46437,1133,70961
254327,Skyble,kjefferd68@godaddy.com,7226194691,32092,1133,42749
970048,Browsebug,fgilardengo69@angelfire.com,5559694694,87903,1133,29534
789536,Geba,wfebry6a@un.org,1974241047,99193,1133,62147
690359,Jabbercube,lstolworthy6b@plala.or.jp,3624612532,26036,1133,89609
750969,Jabbersphere,tamber6c@typepad.com,4709312254,22849,1133,23090
469920,Yodo,mpetegree6d@ucoz.ru,5316820072,35353,1133,15684
482848,Trilith,ssea6e@aol.com,5042421567,15607,1133,16449
315103,Twitterwire,bsheerman6f@bbb.org,2245993464,77166,1133,94188
947341,Shuffletag,vcranshaw6g@ebay.co.uk,6307703743,38992,1133,67998
782420,Gabcube,aphoenix6h@soup.io,2314425541,88656,1133,99086
874833,Voomm,bmossdale6i@odnoklassniki.ru,1412620182,53615,1133,44785
412975,Eamia,mbizzey6j@cnn.com,3192407889,11280,1133,78918
716641,Katz,gelcoux6k@weibo.com,7168740538,35451,1133,55640
666167,Tagtune,gbatterbee6l@tamu.edu,4725943037,65531,1133,37068
977671,Jaxspan,mkauschke6m@ezinearticles.com,4129169035,64730,1133,93869
673295,Skinix,oschriren6n@eventbrite.com,3577636294,21909,1133,88338
237343,Eabox,ttidey6o@ehow.com,6243620319,97402,1133,68731
338152,Voolia,ajilkes6p@e-recht24.de,5752284820,72348,1133,70961
901697,Agimba,jboxen6q@scientificamerican.com,8815978823,95295,1133,42749
688168,Camimbo,hcampione6r@mlb.com,5704295802,44679,1133,68731
967654,Dynabox,bfrill6s@360.cn,3161312682,67293,1133,70961
391571,Wordify,hrattery6t@independent.co.uk,9456231111,15304,1133,42749
532431,Fanoodle,clowles6u@indiatimes.com,7934644217,25145,3366,95856
355587,Linklinks,sproughten6v@parallels.com,9037627891,24412,3366,9766
583859,Skajo,jrankmore6w@noaa.gov,8446054649,18539,3366,13509
455692,Yodoo,bdimberline6x@ucoz.ru,3025575327,98745,3366,35421
563572,Plajo,cblethin6y@wiley.com,2832965663,43555,3366,73967
479004,Flashset,orickhuss6z@purevolume.com,2087766453,35973,3366,76304
443378,Oyoyo,umosson70@ucla.edu,9622630082,36915,3366,25981
787371,Realbridge,jdevoiels71@dion.ne.jp,3047704332,55078,3366,95233
309643,Linkbridge,cabrey72@macromedia.com,2897526341,45207,3366,31912
752956,Fiveclub,blongthorn73@gravatar.com,5095023846,74185,3366,67022
814733,Fivechat,cinkle74@mozilla.org,7954408678,28464,3366,74213
533107,Edgeify,kmacfarlan75@sbwire.com,5274414139,24903,3366,9422
490177,Flashset,godoherty76@123-reg.co.uk,5005931489,90605,3366,15835